{"_step":3006,"motif_index_mask_10_1":[102,104],"_runtime":88.64817721,"motif_index_mask_10_0":[85,89],"_timestamp":1.7388885997266982e+09,"num_samples":1,"distances_of_motif_2":3.963246399507625e-06,"motif_index_mask_10_2":[143,145],"distances_of_motif_1":2.137792080247891e-06,"_wandb":{"runtime":88},"distances_of_motif_0":1.381454694637796e-06}