{"distances_of_motif_2":1.7550256359299965e-07,"_wandb":{"runtime":89},"_step":3003,"num_samples":1,"_timestamp":1.7388815426204152e+09,"_runtime":89.808254296,"distances_of_motif_0":2.6822091214739885e-08,"distances_of_motif_1":5.546543491163902e-08}