{"distances_of_motif_1":2.1999326236255e-06,"distances_of_motif_2":7.640940111741656e-07,"_wandb":{"runtime":89},"num_samples":1,"_timestamp":1.7388881824319897e+09,"_runtime":89.485112388,"_step":3003,"distances_of_motif_0":2.4892437977541704e-06}